{
 "n": 552,
 "mean": 0.08638342191180422,
 "median": 0.06251050507281097,
 "p90": 0.19737690341813058,
 "p95": 0.24097200640858069,
 "p99": 0.35941541136986876,
 "n_total": 2979
}