gene,rsid,freq_San,freq_WAFR,freq_NEUR,pval_joint,freq_range,canonical
VASH2,rs3002288,0.1162,0.03,0.47,0.700392,0.43999999999999995,False
UGT1A,rs6742078,0.5435,0.47,0.29,0.578799,0.2535,False
PAPD7/POLS,rs12520016,0.02586,0.15,0.07,0.852735,0.12414,False
SLC45A2,rs35395,0.3163,0.2,0.99,0.97912,0.79,True
SLC45A2,rs16891982,0.1383,0.0,0.98,0.00116101,0.98,True
IRF4,rs12203592,0.01361,0.0,0.17,0.830096,0.17,False
6p25.3,rs1540771,0.2433,0.09,0.52,0.916386,0.43000000000000005,False
IRF4,rs12202284,0.03641,0.15,0.21,0.508752,0.17359,False
OPRM1,rs6917661,0.6644,0.61,0.76,0.293225,0.15000000000000002,False
EGFR,rs12668421,0.08277,0.06,0.27,0.64876,0.21000000000000002,False
TYRP1,rs13289810,0.1905,0.24,0.34,0.607707,0.14950000000000002,True
TYRP1,rs1408799,0.589,0.18,0.66,0.667742,0.48000000000000004,True
TYRP1,rs2733831,0.1955,0.04,0.61,0.188649,0.57,True
BNC2,rs10756819,0.0794,0.07,0.65,0.514864,0.5800000000000001,True
BNC2,rs12350739,0.05442,0.0,0.56,0.281482,0.56,True
GATA3,rs376397,0.6514,0.31,0.32,0.914727,0.3414,False
TPCN2,rs35264875,0.04447,0.01,0.15,0.355012,0.13999999999999999,True
TPCN2,rs3829241,0.04198,0.02,0.38,,0.36,True
"GRM5, TYR",rs10831496,0.5239,0.12,0.69,0.277173,0.57,False
TYR,rs1042602,0.05579,0.0,0.38,0.738969,0.38,True
TYR,rs1393350,0.008621,0.0,0.26,,0.26,True
TYR,rs1126809,0.01814,0.0,0.27,0.0799797,0.27,True
NTM/HNT,rs12421680,0.304,0.33,0.7,0.44931,0.39599999999999996,False
KITLG,rs12821256,0.01814,0.0,0.17,0.0223602,0.17,True
EDNRB,rs975739,0.45,0.51,0.62,0.397007,0.16999999999999998,True
GNG2,rs8015138,0.143,0.14,0.52,0.872511,0.38,False
SLC24A4,rs12896399,0.1137,0.0,0.48,0.55826,0.48,True
OCA2,rs7173419,0.6259,0.7,0.21,0.904005,0.49,True
OCA2,rs1800414,0.004975,0.0,0.0,,0.004975,True
OCA2,rs1800404,0.5539000000000001,0.11,0.81,0.532233,0.7000000000000001,True
OCA2,rs74653330,0.0,0.0,0.0,,0.0,True
OCA2,rs7495174,0.7053,0.26,0.9,0.918029,0.64,True
HERC2,rs12913832,0.102,0.01,0.79,0.0866478,0.78,True
OCA2,rs1667394,0.1534,0.07,0.85,0.105292,0.78,True
APBA2,rs4424881,0.1773,0.07,0.86,0.248413,0.79,False
SLC24A5,rs1426654,0.3991,0.05,1.0,9.76903e-09,0.95,True
SLC24A5,rs2470102,0.4147,0.05,0.99,1.05268e-08,0.94,True
MC1R,rs1805007,0.01429,0.0,0.11,0.795915,0.11,True
MC1R,rs1805008,0.001613,0.0,0.09,0.0691681,0.09,True
ASIP,rs4911414,0.07296,0.1,0.34,0.771481,0.26704000000000006,True
ASIP,rs1015362,0.3107,0.15,0.72,0.294608,0.57,True
ASIP,rs6058017,0.2,0.16,0.9,,0.74,True
