{
 "pos": {
  "SOX10": [
   0.22729035605761802,
   0.9228854106736295
  ],
  "POMC": [
   0.1453918557889323,
   1.047860870675847
  ],
  "EDNRB": [
   0.1970853316509369,
   0.6768300439148319
  ],
  "TYR": [
   0.13887891104208983,
   0.5158246498370547
  ],
  "MFSD12": [
   0.0,
   0.6529533521772312
  ],
  "IRF4": [
   0.11717033548943868,
   0.01720095212956304
  ],
  "EDN3": [
   0.25958644647563894,
   0.49027761482383453
  ],
  "KITLG": [
   0.16201772147650947,
   0.22843493478742086
  ],
  "SLC24A4": [
   0.06048533679388035,
   0.0
  ],
  "PAX3": [
   0.26802145267765487,
   0.7933583337171597
  ],
  "SLC24A5": [
   0.053392524550409555,
   0.363346772572937
  ],
  "PMEL": [
   0.11501283820138712,
   0.7632644746189682
  ],
  "TFAP2A": [
   0.35,
   1.15
  ],
  "HSD17B2": [
   1.039330419686112,
   0.7355725756259052
  ],
  "ESR1": [
   1.1051570544032625,
   0.4149953962782436
  ],
  "AKR1C1": [
   1.0,
   0.9278151742513887
  ],
  "ESR2": [
   1.0769305191026823,
   0.364609806757477
  ],
  "STS": [
   1.1455286876775768,
   0.6934304091223581
  ],
  "CYP11B2": [
   1.0461192050198123,
   0.8509742479856921
  ],
  "CYP11B1": [
   1.1226399967939107,
   0.9333283658835504
  ],
  "SRD5A3": [
   1.0300626123717258,
   1.0996967010370526
  ],
  "HSD17B7": [
   1.068185543209221,
   1.045338537736811
  ],
  "SRD5A1": [
   1.0909273263704933,
   0.9520203852446317
  ],
  "HSD17B3": [
   1.1035688307385005,
   0.7671848012435244
  ],
  "HSD17B1": [
   1.0841794597645669,
   0.6978311051171907
  ],
  "CYP7B1": [
   1.2042824706165418,
   1.069751562892585
  ],
  "GNRH1": [
   1.1443766693364257,
   0.35341383423514994
  ],
  "AKR1C4": [
   1.1092215626471431,
   1.15
  ],
  "FSHR": [
   1.1758131622275358,
   0.5378659487432975
  ],
  "KISS1R": [
   1.1852284051554145,
   0.19369227235160374
  ],
  "SCARB1": [
   1.2075566790783432,
   0.8077098315649418
  ],
  "NCOA3": [
   1.0933338421431742,
   0.07076893467952267
  ],
  "NCOR2": [
   1.0458431721727122,
   0.0
  ],
  "NCOA2": [
   1.0076438824545728,
   0.10514731470227866
  ],
  "CGA": [
   1.35,
   0.3793230393487724
  ]
 },
 "pig_nodes": [
  "EDN3",
  "EDNRB",
  "IRF4",
  "KITLG",
  "MFSD12",
  "PAX3",
  "PMEL",
  "POMC",
  "SLC24A4",
  "SLC24A5",
  "SOX10",
  "TFAP2A",
  "TYR"
 ],
 "hor_nodes": [
  "AKR1C1",
  "AKR1C4",
  "CGA",
  "CYP11B1",
  "CYP11B2",
  "CYP7B1",
  "ESR1",
  "ESR2",
  "FSHR",
  "GNRH1",
  "HSD17B1",
  "HSD17B2",
  "HSD17B3",
  "HSD17B7",
  "KISS1R",
  "NCOA2",
  "NCOA3",
  "NCOR2",
  "SCARB1",
  "SRD5A1",
  "SRD5A3",
  "STS"
 ]
}