"model","n_rates","logLik","AIC","gain_0to1","loss_1to0","loss_gain","dAIC_ER_ARD"
"ER",1,-80.24554750623,162.49109501246,NA,NA,NA,NA
"ARD",2,-69.3511127950528,142.702225590106,0.0273010386289346,0.248362375625705,9.09717681445576,19.7888694223545
