network,T_obs,mean_adj,mean_nonadj,n_adj,n_nonadj,p_perm,n_rewirings,seed
core_GRN,0.13742512241757177,0.5026871552891129,0.6401122777066847,15,63,0.1093,10000,42
multilayer_substrate,0.18486194182983517,0.47148287583420156,0.6563448176640367,18,60,0.0928,10000,42
